{
  "train_auc": 0.9591485861052779,
  "test_auc": 0.9565407944020985,
  "feature_importance": [
    ["California", 0.3610292938270886],
    ["Texas", 0.04379465259085609],
    ["North Dakota", -0.34180386988380035],
    ["Georgia", 0.26079545174662905],
    ["Pennsylvania", 0.05743369756215937],
    ["Indiana", -0.04101776316846325],
    ["Ohio", 0.04636603858589428],
    ["Michigan", -0.3453546762079443],
    ["Guam", 0.45433727234340177],
    ["Nevada", -0.2764300430363008],
    ["New Mexico", -0.32934145410832993],
    ["Vermont", -0.022035534865400965],
    ["Tennessee", -0.34827700890664814],
    ["Iowa", -0.2711158646679304],
    ["Mississippi", -0.04830299277140968],
    ["Washington", 0.36486159928113504],
    ["Arkansas", 0.31451317592522593],
    ["Maryland", 0.28690653972211605],
    ["Maine", -0.11060154932312864],
    ["West Virginia", -0.14455531962458362],
    ["Minnesota", -0.29052085617027856],
    ["Colorado", 0.22384294352769174],
    ["American Samoa", 0.03861626748796571],
    ["South Carolina", -0.0675963238433783],
    ["Louisiana", -0.32451784245758974],
    ["Kentucky", -0.08255447712419513],
    ["Oklahoma", -0.22753162095410812],
    ["Connecticut", 0.016101718435927902],
    ["Oregon", -0.35731705349778153],
    ["Idaho", -0.3575794291233082],
    ["Arizona", -0.26274917926740465],
    ["Missouri", -0.24185209352080891],
    ["Utah", 0.07156699061153417],
    ["Kansas", -0.17205933638003457],
    ["New York", 0.06994995557144124],
    ["Wisconsin", 0.07923408050454187],
    ["Illinois", -0.2499324254940807],
    ["Nebraska", 0.012693167343172829],
    ["Hawaii", 0.03453463601839148],
    ["Massachusetts", -0.024098054677972602],
    ["New Jersey", -0.20474257131725077],
    ["Florida", 0.4226044165569955],
    ["Rhode Island", -0.03222560406777264],
    ["Montana", -0.24200185030153257],
    ["Wyoming", -0.2974867258924714],
    ["Delaware", -0.058866015031480166],
    ["South Dakota", -0.07898137548827602],
    ["New Hampshire", -0.20884875726684185],
    ["Alabama", 0.4402675876648702],
    ["cardholder", -0.31665410141456524],
    ["balance", 0.0002789653001490697],
    ["numTrans", 0.032955189317364644],
    ["numIntlTrans", 0.020356724727213664],
    ["creditLine", 0.07395686692582071]
  ],
  "sampling": ["unsampled", 0]
}
